{"cameraMode":{"drawMode":0,"name":"Shaded","section":"Shading Mode"},"sceneLighting":false,"audioPlay":false,"sceneViewState":{"showFog":true,"showMaterialUpdate":false,"showSkybox":true,"showFlares":true,"showImageEffects":true,"showParticleSystems":true},"in2DMode":false,"pivot":{"x":13.653205871582032,"y":-15.748655319213868,"z":-64.44745635986328},"rotation":{"x":-0.010183963924646378,"y":-0.9892063140869141,"z":0.1195867732167244,"w":-0.08418002724647522},"size":51.54381561279297,"orthographic":false}