{"cameraMode":{"drawMode":0,"name":"Shaded","section":"Shading Mode"},"sceneLighting":true,"audioPlay":false,"sceneViewState":{"showFog":true,"showMaterialUpdate":false,"showSkybox":true,"showFlares":true,"showImageEffects":true,"showParticleSystems":true},"in2DMode":false,"pivot":{"x":7.903702735900879,"y":0.6380446553230286,"z":3.2562575340270998},"rotation":{"x":0.1583028882741928,"y":0.10795772075653076,"z":-0.017343780025839807,"w":0.9813179969787598},"size":3.070716381072998,"orthographic":false}